{"steam_id": "76561198295959028", "start_x": -688.47882080078125, "start_y": -822.84271240234375, "start_z": 116.6419677734375, "end_x": -1628.31201171875, "end_y": -232.93638610839844, "end_z": 130.13055419921875, "aim_pitch": 2.3096799850463867e-7, "aim_yaw": 165.69224548339844, "is_run": true, "is_walk": false, "is_jump": false, "is_duck": false, "is_left": true, "is_right": false, "map_belong": "de_dust2", "tickrate": "64/128", "utility_type": "smoke", "throw_x": -726.5811767578125, "throw_y": -879.638916015625, "throw_z": 193.40757751464844, "air_time": 2.515655517578125, "velocity_x": -522.40277099609375, "velocity_y": 336.30783081054688, "velocity_z": 258.85116577148438, "path": "[[-730.6624755859375, -877.01153564453125, 195.42008972167969], [-738.8250732421875, -871.75677490234375, 199.38652038574219], [-751.0689697265625, -863.8746337890625, 205.18968200683594], [-755.1502685546875, -861.24725341796875, 207.08500671386719], [-763.3128662109375, -855.99249267578125, 210.81706237792969], [-775.5567626953125, -848.1103515625, 216.26866149902344], [-779.6380615234375, -845.48297119140625, 218.04679870605469], [-791.8819580078125, -837.600830078125, 223.26402282714844], [-795.9632568359375, -834.97344970703125, 224.96403503417969], [-808.2071533203125, -827.09130859375, 229.94688415527344], [-820.4510498046875, -819.20916748046875, 234.75395202636719], [-820.4510498046875, -819.20916748046875, 234.75395202636719], [-824.5323486328125, -816.581787109375, 236.31724548339844], [-832.6949462890625, -811.3270263671875, 239.38523864746094], [-844.9388427734375, -803.44488525390625, 243.84074401855469], [-849.0201416015625, -800.8175048828125, 245.28684997558594], [-857.1827392578125, -795.562744140625, 248.12046813964844], [-869.4266357421875, -787.68060302734375, 252.22441101074219], [-873.5079345703125, -785.05322265625, 253.55332946777344], [-889.8331298828125, -774.543701171875, 258.67367553710938], [-889.8331298828125, -774.543701171875, 258.67367553710938], [-897.9957275390625, -769.2889404296875, 261.11666870117188], [-906.1583251953125, -764.0341796875, 263.48153686523438], [-918.4022216796875, -756.15203857421875, 266.88235473632812], [-922.4835205078125, -753.524658203125, 267.97689819335938], [-930.6461181640625, -748.2698974609375, 270.10739135742188], [-938.8087158203125, -743.01513671875, 272.15975952148438], [-946.9713134765625, -737.7603759765625, 274.13400268554688], [-955.1339111328125, -732.505615234375, 276.03012084960938], [-967.3778076171875, -724.62347412109375, 278.72781372070312], [-971.4591064453125, -721.99609375, 279.58798217773438], [-979.6217041015625, -716.7413330078125, 281.24972534179688], [-991.8656005859375, -708.85919189453125, 283.59585571289062], [-995.9468994140625, -706.2318115234375, 284.33883666992188], [-1004.1094970703125, -700.97705078125, 285.76620483398438], [-1024.5159912109375, -687.84014892578125, 288.99282836914062], [-1024.5159912109375, -687.84014892578125, 288.99282836914062], [-1028.5972900390625, -685.2127685546875, 289.57955932617188], [-1036.7598876953125, -679.9580078125, 290.69442749023438], [-1044.9224853515625, -674.7032470703125, 291.73117065429688], [-1061.2476806640625, -664.1937255859375, 293.57028198242188], [-1061.2476806640625, -664.1937255859375, 293.57028198242188], [-1069.4102783203125, -658.93896484375, 294.37265014648438], [-1077.5728759765625, -653.6842041015625, 295.09689331054688], [-1085.7354736328125, -648.429443359375, 295.74301147460938], [-1093.8980712890625, -643.1746826171875, 296.31100463867188], [-1110.2232666015625, -632.6651611328125, 297.21261596679688], [-1110.2232666015625, -632.6651611328125, 297.21261596679688], [-1118.3858642578125, -627.410400390625, 297.54623413085938], [-1130.6297607421875, -619.52825927734375, 297.90017700195312], [-1134.7110595703125, -616.90087890625, 297.97909545898438], [-1142.8736572265625, -611.6461181640625, 298.07833862304688], [-1155.1175537109375, -603.76397705078125, 298.08071899414062], [-1159.1988525390625, -601.1365966796875, 298.04244995117188], [-1167.3614501953125, -595.8818359375, 297.90731811523438], [-1179.6053466796875, -587.99969482421875, 297.55813598632812], [-1187.7679443359375, -582.74493408203125, 297.22769165039062], [-1191.8492431640625, -580.1175537109375, 297.03317260742188], [-1204.0931396484375, -572.23541259765625, 296.33242797851562], [-1208.1744384765625, -569.6080322265625, 296.05978393554688], [-1220.4183349609375, -561.72589111328125, 295.12466430664062], [-1228.5809326171875, -556.47113037109375, 294.40359497070312], [-1232.6622314453125, -553.84375, 294.01376342773438], [-1244.9061279296875, -545.96160888671875, 292.72708129882812], [-1248.9874267578125, -543.334228515625, 292.25912475585938], [-1253.0687255859375, -540.70684814453125, 291.77163696289062], [-1265.3126220703125, -532.82470703125, 290.19198608398438], [-1273.4752197265625, -527.5699462890625, 289.04122924804688], [-1285.7191162109375, -519.68780517578125, 287.16860961914062], [-1289.8004150390625, -517.0604248046875, 286.50534057617188], [-1297.9630126953125, -511.80563354492188, 285.12020874023438], [-1306.1256103515625, -506.55081176757812, 283.65695190429688], [-1318.3695068359375, -498.6685791015625, 281.31558227539062], [-1322.4508056640625, -496.04116821289062, 280.49606323242188], [-1330.6134033203125, -490.78634643554688, 278.79843139648438], [-1338.7760009765625, -485.53152465820312, 277.02267456054688], [-1351.0198974609375, -477.6492919921875, 274.21255493164062], [-1359.1824951171875, -472.39447021484375, 272.24148559570312], [-1367.3450927734375, -467.1396484375, 270.19229125976562], [-1371.4263916015625, -464.51223754882812, 269.13839721679688], [-1383.6702880859375, -456.6300048828125, 265.85952758789062], [-1387.7515869140625, -454.00259399414062, 264.72750854492188], [-1399.9954833984375, -446.120361328125, 261.21426391601562], [-1408.1580810546875, -440.86553955078125, 258.77444458007812], [-1412.2393798828125, -438.23812866210938, 257.52523803710938], [-1420.4019775390625, -432.98330688476562, 254.96823120117188], [-1432.6458740234375, -425.10107421875, 250.98623657226562], [-1436.7271728515625, -422.47366333007812, 249.61984252929688], [-1444.8897705078125, -417.21884155273438, 246.82846069335938], [-1457.1336669921875, -409.33660888671875, 242.49490356445312], [-1461.2149658203125, -406.70919799804688, 241.01132202148438], [-1469.3775634765625, -401.45437622070312, 237.98556518554688], [-1477.5401611328125, -396.19955444335938, 234.88168334960938], [-1485.7027587890625, -390.94473266601562, 231.69967651367188], [-1497.9466552734375, -383.0625, 226.78018188476562], [-1502.0279541015625, -380.43508911132812, 225.10128784179688], [-1510.1905517578125, -375.18026733398438, 221.68490600585938], [-1522.4344482421875, -367.29803466796875, 216.41384887695312], [-1530.5970458984375, -362.043212890625, 212.80215454101562], [-1538.7596435546875, -356.78839111328125, 209.11233520507812], [-1546.9222412109375, -351.5335693359375, 205.34439086914062], [-1555.0848388671875, -346.27874755859375, 201.49832153320312], [-1563.2474365234375, -341.02392578125, 197.57412719726562], [-1567.3287353515625, -338.39651489257812, 195.58273315429688], [-1579.5726318359375, -330.5142822265625, 189.49136352539062], [-1587.7352294921875, -325.25946044921875, 185.33279418945312], [-1591.8165283203125, -322.63204956054688, 183.22421264648438], [-1599.9791259765625, -317.37722778320312, 178.94845581054688], [-1608.1417236328125, -312.12240600585938, 174.59457397460938], [-1616.3043212890625, -306.86758422851562, 170.16256713867188], [-1624.4669189453125, -301.61276245117188, 165.65243530273438], [-1632.6295166015625, -296.35794067382812, 161.06417846679688], [-1640.7921142578125, -291.10311889648438, 156.39779663085938], [-1648.9547119140625, -285.84829711914062, 151.65328979492188], [-1661.1986083984375, -277.966064453125, 144.39004516601562], [-1669.3612060546875, -272.71124267578125, 139.45022583007812], [-1673.4425048828125, 